<?xml version="1.0" encoding="UTF-8" standalone="yes"?>
<manifest>
  <control namespace="PAGraphs" constructor="PieCharts" version="1.0.0" display-name-key="PieCharts" description-key="PieCharts" control-type="standard" api-version="1.2.3">
    <property name="pcBackGroundColor" default-value="white" display-name-key="BackGroundColor_Key" description-key="BackGround Color" of-type="SingleLine.Text" usage="bound" required="false"/>
    <property name="pcBorderType" default-value="graphroundedshadow" display-name-key="BorderType_Key" description-key="Pie Chart Border Type" of-type="Enum" usage="bound" required="false">
      <value name="pcNone" display-name-key="None">graphnoborder</value>
      <value name="pcGraphNoShadow" display-name-key="GraphNoShadow">graphnoshadow</value>
      <value name="pcGraphShadow" display-name-key="GraphShadow">graphshadow</value>
      <value name="pcGraphRoundedNoShadow" display-name-key="GraphRoundedNoShadow">graphroundednoshadow</value>
      <value name="pcGraphRoundedShadow" display-name-key="GraphRoundedShadow">graphroundedshadow</value>
    </property>
    <property name="pcChartHole" default-value="40" display-name-key="ChartHole_Key" description-key="ChartHole (range: 0 - 1)" of-type="Decimal" usage="bound" required="false"/>
    <property name="pcColors" display-name-key="Colors_Key" description-key="Custom Colors" of-type="SingleLine.Text" usage="bound" required="false"/>
    <property name="pcIs3D" default-value="false" display-name-key="Is3D_Key" description-key="Is 3D" of-type="TwoOptions" usage="bound" required="false"/>
    <property name="pcLegend" default-value="right" display-name-key="Legend_Key" description-key="Legend Position" of-type="Enum" usage="bound" required="true">
      <value name="pcLabeled" display-name-key="Labeled">labeled</value>
      <value name="pcNone" display-name-key="None">none</value>
      <value name="pcLeft" display-name-key="Left">left</value>
      <value name="pcRight" display-name-key="Right">right</value>
      <value name="pcBottom" display-name-key="Bottom">bottom</value>
      <value name="pcTop" display-name-key="Top">top</value>
    </property>
    <property name="pcLegendTextBold" default-value="false" display-name-key="LegendTextBold_Key" description-key="Legend Text Bold" of-type="TwoOptions" usage="bound" required="false"/>
    <property name="pcLegendTextColor" default-value="black" display-name-key="LegendTextColor_Key" description-key="Legend  Text Color" of-type="SingleLine.Text" usage="bound" required="false"/>
    <property name="pcLegendTextFontName" default-value="Verdana" display-name-key="LegendTextFontName_Key" description-key="Legend Text FontName" of-type="SingleLine.Text" usage="bound" required="false"/>
    <property name="pcLegendTextFontSize" default-value="13" display-name-key="LegendTextFontSize_Key" description-key="Legend Text FontSize" of-type="Whole.None" usage="bound" required="true"/>
    <property name="pcLegendTextItalic" default-value="false" display-name-key="LegendTextItalic_Key" description-key="Legend Text Italic" of-type="TwoOptions" usage="bound" required="false"/>
    <property name="pcLegendWidth" default-value="0" display-name-key="pcLegendWidth_Key" description-key="Legend Width" of-type="Whole.None" usage="bound" required="false"/>
    <property name="pcSliceText" default-value="percentage" display-name-key="SliceText_Key" description-key="Slice Text" of-type="Enum" usage="bound" required="false">
      <value name="pcPercentage" display-name-key="Percentage">percentage</value>
      <value name="pcValue" display-name-key="Value">value</value>
      <value name="pcLabel" display-name-key="Label">label</value>
      <value name="pcNone" display-name-key="None">none</value>
    </property>
    <property name="pcSliceTitleTextBold" default-value="false" display-name-key="SliceTitleTextBold_Key" description-key="Slice Title Text Bold" of-type="TwoOptions" usage="bound" required="false"/>
    <property name="pcSliceTitleTextColor" default-value="black" display-name-key="SliceTitleTextColor_Key" description-key="Slice Title Text Color" of-type="SingleLine.Text" usage="bound" required="false"/>
    <property name="pcSliceTitleTextFontName" default-value="Verdana" display-name-key="SliceTitleTextFontName_Key" description-key="Slice Title Text FontName" of-type="SingleLine.Text" usage="bound" required="false"/>
    <property name="pcSliceTitleTextFontSize" default-value="10" display-name-key="SliceTitleTextFontSize_Key" description-key="Slice Title Text FontSize" of-type="Whole.None" usage="bound" required="true"/>
    <property name="pcSliceTitleTextItalic" default-value="false" display-name-key="SliceTitleTextItalic_Key" description-key="Slice Title Text Italic" of-type="TwoOptions" usage="bound" required="false"/>
    <property name="pcSubTitle" display-name-key="SubTitle_Key" description-key="Sub Title" of-type="SingleLine.Text" usage="bound" required="false"/>
    <property name="pcSubTitleTextColor" default-value="gray" display-name-key="SubTitleTextColor_Key" description-key="Sub Title Text Color" of-type="SingleLine.Text" usage="bound" required="false"/>
    <property name="pcSubTitleTextFontName" default-value="Verdana" display-name-key="SubTitleTextFontName_Key" description-key="Sub Title Text FontName" of-type="SingleLine.Text" usage="bound" required="false"/>
    <property name="pcSubTitleTextFontSize" default-value="10" display-name-key="SubTitleTextFontSize_Key" description-key="Sub Title Text FontSize" of-type="Whole.None" usage="bound" required="true"/>
    <property name="pcSubTitleTextFontStyle" default-value="italic" display-name-key="SubTitleFontStyle_Key" description-key="Sub Title Text Font Style" of-type="Enum" usage="bound" required="false">
      <value name="pcNormal" display-name-key="Normal">normal</value>
      <value name="pcOblique" display-name-key="Oblique">oblique</value>
      <value name="pcItalic" display-name-key="Italic">italic</value>
    </property>
    <property name="pcSubTitleTextFontWeight" default-value="normal" display-name-key="SubTitleFontWeight_Key" description-key="Sub Title Text Font Weight" of-type="Enum" usage="bound" required="false">
      <value name="pcNormal" display-name-key="Normal">normal</value>
      <value name="pcLight" display-name-key="Light">light</value>
      <value name="pcLighter" display-name-key="Lighter">lighter</value>
      <value name="pcBold" display-name-key="Bold">bold</value>
      <value name="pcBolder" display-name-key="Bolder">bolder</value>
    </property>
    <property name="pcTitle" display-name-key="Title_Key" description-key="Title" of-type="SingleLine.Text" usage="bound" required="false"/>
    <property name="pcTitleTextColor" default-value="black" display-name-key="TitleTextColor_Key" description-key="Title Text Color" of-type="SingleLine.Text" usage="bound" required="false"/>
    <property name="pcTitleTextFontName" default-value="Verdana" display-name-key="TitleTextFontName_Key" description-key="Title Text FontName" of-type="SingleLine.Text" usage="bound" required="false"/>
    <property name="pcTitleTextFontSize" default-value="15" display-name-key="TitleTextFontSize_Key" description-key="Title Text FontSize" of-type="Whole.None" usage="bound" required="true"/>
    <property name="pcTitleTextFontStyle" default-value="italic" display-name-key="TitleTextFontStyle_Key" description-key="Title Text Font Style" of-type="Enum" usage="bound" required="false">
      <value name="pcNormal" display-name-key="Normal">normal</value>
      <value name="pcOblique" display-name-key="Oblique">oblique</value>
      <value name="pcItalic" display-name-key="Italic">italic</value>
    </property>
    <property name="pcTitleTextFontWeight" default-value="bold" display-name-key="TitleTextFontWeight_Key" description-key="Title Text Font Weight" of-type="Enum" usage="bound" required="false">
      <value name="pcNormal" display-name-key="Normal">normal</value>
      <value name="pcLight" display-name-key="Light">light</value>
      <value name="pcLighter" display-name-key="Lighter">lighter</value>
      <value name="pcBold" display-name-key="Bold">bold</value>
      <value name="pcBolder" display-name-key="Bolder">bolder</value>
    </property>
    <property name="pcEnableConsoleLog" default-value="false" display-name-key="EnableConsoleLog_Key" description-key="Enable Console Log" of-type="TwoOptions" usage="bound" required="true"/>
    <property name="pcEnableGraphClick" default-value="false" display-name-key="EnableGraphClick_Key" description-key="Enable Graph Click - feature disabled" of-type="TwoOptions" usage="bound" required="true"/>
    <property name="pcSelectedData" display-name-key="SelectedData_Key" description-key="Selected Data" of-type="Multiple" usage="bound" required="false"/>
    <data-set name="pcDataCollection" display-name-key="Data"/>
    <resources>
      <code path="bundle.js" order="1"/>
    </resources>
    <built-by name="pac" version="1.3.6"/>
  </control>
</manifest>