<?xml version="1.0" encoding="UTF-8" standalone="yes"?>
<manifest>
  <control namespace="PAGraphs" constructor="BarCharts" version="1.0.0" display-name-key="BarCharts" description-key="BarCharts" control-type="standard" api-version="1.2.3">
    <property name="bcAnimateDuration" default-value="800" display-name-key="AnimateDuration_Key" description-key=" Animate Duration in milli seconds" of-type="Whole.None" usage="bound" required="false"/>
    <property name="bcBackGroundColor" default-value="white" display-name-key="BackGroundColor_Key" description-key="BackGround Color" of-type="SingleLine.Text" usage="bound" required="false"/>
    <property name="bcBorderType" default-value="graphroundedshadow" display-name-key="BorderType_Key" description-key="Bar Chart Border Type" of-type="Enum" usage="bound" required="false">
      <value name="bcNone" display-name-key="None">graphnoborder</value>
      <value name="bcGraphNoShadow" display-name-key="GraphNoShadow">graphnoshadow</value>
      <value name="bcGraphShadow" display-name-key="GraphShadow">graphshadow</value>
      <value name="bcGraphRoundedNoShadow" display-name-key="GraphRoundedNoShadow">graphroundednoshadow</value>
      <value name="bcGraphRoundedShadow" display-name-key="GraphRoundedShadow">graphroundedshadow</value>
    </property>
    <property name="bcChartType" default-value="stacked" display-name-key="ChartType_Key" description-key=" Chart Type" of-type="Enum" usage="bound" required="true">
      <value name="bcSimple" display-name-key="Simple">simple</value>
      <value name="bcStacked" display-name-key="Stacked">stacked</value>
    </property>
    <property name="bcColors" default-value="" display-name-key="Colors_Key" description-key=" Custom Colors" of-type="SingleLine.Text" usage="bound" required="false"/>
    <property name="bchAxisMinValue" display-name-key="hAxisMinValue_Key" description-key=" hAxis Min Value" of-type="Whole.None" usage="bound" required="true"/>
    <property name="bchAxisTextBold" default-value="false" display-name-key="hAxisTextBold_Key" description-key=" horizontal Axis Text Bold" of-type="TwoOptions" usage="bound" required="false"/>
    <property name="bchAxisTextColor" default-value="green" display-name-key="hAxisTextColor_Key" description-key=" horizontal Axis Text Color" of-type="SingleLine.Text" usage="bound" required="false"/>
    <property name="bchAxisTextDateFormat" default-value="" display-name-key="hAxisTextDateFormat_Key" description-key=" horizontal Axis Text Date Format" of-type="SingleLine.Text" usage="bound" required="false"/>
    <property name="bchAxisTextFontName" default-value="Verdana" display-name-key="hAxisTextFontName_Key" description-key=" horizontal Axis Text Font Name" of-type="SingleLine.Text" usage="bound" required="false"/>
    <property name="bchAxisTextFontSize" default-value="10" display-name-key="hAxisTextFontSize_Key" description-key=" horizontal Axis Text Font Size" of-type="Whole.None" usage="bound" required="false"/>
    <property name="bchAxisTextFormat" default-value="none" display-name-key="hAxisTextFormat_Key" description-key="Text Format Style" of-type="Enum" usage="bound" required="false">
      <value name="bcNone" display-name-key="None">none</value>
      <value name="bcDecimal" display-name-key="Decimal">decimal</value>
      <value name="bcCurrency" display-name-key="Currency">currency</value>
      <value name="bcShort" display-name-key="Short">short</value>
      <value name="bcDateFormat" display-name-key="DateFormat">dateformat</value>
    </property>
    <property name="bchAxisTextItalic" default-value="false" display-name-key="hAxisTextItalic_Key" description-key=" horizontal Axis Text Italic" of-type="TwoOptions" usage="bound" required="false"/>
    <property name="bchAxisTitle" display-name-key="hAxisTitle_Key" description-key=" Horizontal Axis Title" of-type="SingleLine.Text" usage="bound" required="false"/>
    <property name="bchAxisTitleTextBold" default-value="true" display-name-key="hAxisTitleTextBold_Key" description-key=" horizontal Axis Title Text Bold" of-type="TwoOptions" usage="bound" required="false"/>
    <property name="bchAxisTitleTextColor" default-value="green" display-name-key="hAxisTitleTextColor_Key" description-key=" horizontal Axis Title Text Color" of-type="SingleLine.Text" usage="bound" required="false"/>
    <property name="bchAxisTitleTextFontName" default-value="Verdana" display-name-key="hAxisTitleTextFontName_Key" description-key=" horizontal Axis Title Text Font Name" of-type="SingleLine.Text" usage="bound" required="false"/>
    <property name="bchAxisTitleTextFontSize" default-value="12" display-name-key="hAxisTitleTextFontSize_Key" description-key=" horizontal Axis Title Text Font Size" of-type="Whole.None" usage="bound" required="false"/>
    <property name="bchAxisTitleTextItalic" default-value="false" display-name-key="hAxisTitleTextItalic_Key" description-key=" horizontal Axis Title Text Italic" of-type="TwoOptions" usage="bound" required="false"/>
    <property name="bcLegend" default-value="bottom" display-name-key="Legend_Key" description-key=" Legend Position" of-type="Enum" usage="bound" required="true">
      <value name="bcNone" display-name-key="None">none</value>
      <value name="bcLabeled" display-name-key="Labeled">labeled</value>
      <value name="bcRight" display-name-key="Right">right</value>
      <value name="bcBottom" display-name-key="Bottom">bottom</value>
      <value name="bcTop" display-name-key="Top">top</value>
    </property>
    <property name="bcLegendTextBold" default-value="false" display-name-key="LegendTextBold_Key" description-key="Legend Text Bold" of-type="TwoOptions" usage="bound" required="false"/>
    <property name="bcLegendTextColor" default-value="black" display-name-key="LegendTextColor_Key" description-key="Legend  Text Color" of-type="SingleLine.Text" usage="bound" required="false"/>
    <property name="bcLegendTextFontName" default-value="Verdana" display-name-key="LegendTextFontName_Key" description-key="Legend Text FontName" of-type="SingleLine.Text" usage="bound" required="false"/>
    <property name="bcLegendTextFontSize" default-value="12" display-name-key="LegendTextFontSize_Key" description-key="Legend Text FontSize" of-type="Whole.None" usage="bound" required="true"/>
    <property name="bcLegendTextItalic" default-value="false" display-name-key="LegendTextItalic_Key" description-key="Legend Text Italic" of-type="TwoOptions" usage="bound" required="false"/>
    <property name="bcLegendWidth" default-value="0" display-name-key="bcLegendWidth_Key" description-key="Legend Width" of-type="Whole.None" usage="bound" required="false"/>
    <property name="bcOrientation" default-value="horizontal" display-name-key="Orientation_Key" description-key="Orientation Bars" of-type="Enum" usage="bound" required="true">
      <value name="bcVertical" display-name-key="Vertical">vertical</value>
      <value name="bcHorizontal" display-name-key="Horizontal">horizontal</value>
    </property>
    <property name="bcRightYAxis" default-value="false" display-name-key="RightYAxis_Key" description-key="Right Y Axis" of-type="TwoOptions" usage="bound" required="true"/>
    <property name="bcStackedMultiSeries" default-value="false" display-name-key="StackedMultiSeries_Key" description-key=" Stacked Multi Series" of-type="TwoOptions" usage="bound" required="false"/>
    <property name="bcStackFullWidth" default-value="true" display-name-key="StackFullWidth_Key" description-key=" Stack Full Width (100%)" of-type="Enum" usage="bound" required="false">
      <value name="bcPercent" display-name-key="Percent">percent</value>
      <value name="bcAbsolute" display-name-key="Absolute">true</value>
    </property>
    <property name="bcSubTitle" default-value="" display-name-key="SubTitle_Key" description-key=" SubTitle" of-type="SingleLine.Text" usage="bound" required="false"/>
    <property name="bcSubTitleTextColor" default-value="gray" display-name-key="SubTitleTextColor_Key" description-key="Sub Title Text Color" of-type="SingleLine.Text" usage="bound" required="false"/>
    <property name="bcSubTitleTextFontName" default-value="Verdana" display-name-key="SubTitleTextFontName_Key" description-key="Sub Title Text FontName" of-type="SingleLine.Text" usage="bound" required="false"/>
    <property name="bcSubTitleTextFontSize" default-value="10" display-name-key="SubTitleTextFontSize_Key" description-key="Sub Title Text FontSize" of-type="Whole.None" usage="bound" required="true"/>
    <property name="bcSubTitleTextFontStyle" default-value="italic" display-name-key="SubTitleFontStyle_Key" description-key="Sub Title Text Font Style" of-type="Enum" usage="bound" required="false">
      <value name="bcNormal" display-name-key="Normal">normal</value>
      <value name="bcOblique" display-name-key="Oblique">oblique</value>
      <value name="bcItalic" display-name-key="Italic">italic</value>
    </property>
    <property name="bcSubTitleTextFontWeight" default-value="normal" display-name-key="SubTitleFontWeight_Key" description-key="Sub Title Text Font Weight" of-type="Enum" usage="bound" required="false">
      <value name="bcNormal" display-name-key="Normal">normal</value>
      <value name="bcLight" display-name-key="Light">light</value>
      <value name="bcLighter" display-name-key="Lighter">lighter</value>
      <value name="bcBold" display-name-key="Bold">bold</value>
      <value name="bcBolder" display-name-key="Bolder">bolder</value>
    </property>
    <property name="bcTitle" default-value="" display-name-key="Title_Key" description-key=" Title" of-type="SingleLine.Text" usage="bound" required="true"/>
    <property name="bcTitleTextColor" default-value="black" display-name-key="TitleTextColor_Key" description-key="Title Text Color" of-type="SingleLine.Text" usage="bound" required="false"/>
    <property name="bcTitleTextFontName" default-value="Verdana" display-name-key="TitleTextFontName_Key" description-key="Title Text FontName" of-type="SingleLine.Text" usage="bound" required="false"/>
    <property name="bcTitleTextFontSize" default-value="15" display-name-key="TitleTextFontSize_Key" description-key="Title Text FontSize" of-type="Whole.None" usage="bound" required="true"/>
    <property name="bcTitleTextFontStyle" default-value="italic" display-name-key="TitleTextFontStyle_Key" description-key="Title Text Font Style" of-type="Enum" usage="bound" required="false">
      <value name="bcNormal" display-name-key="Normal">normal</value>
      <value name="bcOblique" display-name-key="Oblique">oblique</value>
      <value name="bcItalic" display-name-key="Italic">italic</value>
    </property>
    <property name="bcTitleTextFontWeight" default-value="bold" display-name-key="TitleTextFontWeight_Key" description-key="Title Text Font Weight" of-type="Enum" usage="bound" required="false">
      <value name="bcNormal" display-name-key="Normal">normal</value>
      <value name="bcLight" display-name-key="Light">light</value>
      <value name="bcLighter" display-name-key="Lighter">lighter</value>
      <value name="bcBold" display-name-key="Bold">bold</value>
      <value name="bcBolder" display-name-key="Bolder">bolder</value>
    </property>
    <property name="bcTransposeData" default-value="false" display-name-key="TransposeData_Key" description-key="Transpose Data" of-type="TwoOptions" usage="bound" required="false"/>
    <property name="bcvAxisTextBold" default-value="false" display-name-key="vAxisTextBold_Key" description-key=" vertical Axis Text Bold" of-type="TwoOptions" usage="bound" required="false"/>
    <property name="bcvAxisTextColor" default-value="maroon" display-name-key="vAxisTextColor_Key" description-key=" vertical Axis Text Color" of-type="SingleLine.Text" usage="bound" required="false"/>
    <property name="bcvAxisTextDateFormat" default-value="" display-name-key="vAxisTextDateFormat_Key" description-key="Vertical Axis Text Date Format" of-type="SingleLine.Text" usage="bound" required="false"/>
    <property name="bcvAxisTextFontName" default-value="Verdana" display-name-key="vAxisTextFontName_Key" description-key=" vertical Axis Text Font Name" of-type="SingleLine.Text" usage="bound" required="false"/>
    <property name="bcvAxisTextFontSize" default-value="10" display-name-key="vAxisTextFontSize_Key" description-key=" vertical Axis Text Font Size" of-type="Whole.None" usage="bound" required="false"/>
    <property name="bcvAxisTextFormat" default-value="none" display-name-key="vAxisTextFormat_Key" description-key="Vertical Axis Text Format Style" of-type="Enum" usage="bound" required="false">
      <value name="bcNone" display-name-key="None">none</value>
      <value name="bcDecimal" display-name-key="Decimal">decimal</value>
      <value name="bcCurrency" display-name-key="Currency">currency</value>
      <value name="bcShort" display-name-key="Short">short</value>
      <value name="bcDateFormat" display-name-key="DateFormat">dateformat</value>
    </property>
    <property name="bcvAxisTextItalic" default-value="false" display-name-key="vAxisTextItalic_Key" description-key=" vertical Axis Text Italic" of-type="TwoOptions" usage="bound" required="false"/>
    <property name="bcvAxisTitle" display-name-key="vAxisTitle_Key" description-key=" Vertical Axis Title" of-type="SingleLine.Text" usage="bound" required="false"/>
    <property name="bcvAxisTitleTextBold" default-value="true" display-name-key="vAxisTitleTextBold_Key" description-key=" vertical Axis Title Text Bold" of-type="TwoOptions" usage="bound" required="false"/>
    <property name="bcvAxisTitleTextColor" default-value="maroon" display-name-key="vAxisTitleTextColor_Key" description-key=" vertical Axis Title Text Color" of-type="SingleLine.Text" usage="bound" required="false"/>
    <property name="bcvAxisTitleTextFontName" default-value="Verdana" display-name-key="vAxisTitleTextFontName_Key" description-key=" vertical Axis Title Text Font Name" of-type="SingleLine.Text" usage="bound" required="false"/>
    <property name="bcvAxisTitleTextFontSize" default-value="12" display-name-key="vAxisTitleTextFontSize_Key" description-key=" vertical Axis Title Text Font Size" of-type="Whole.None" usage="bound" required="false"/>
    <property name="bcvAxisTitleTextItalic" default-value="false" display-name-key="vAxisTitleTextItalic_Key" description-key=" vertical Axis Title Text Italic" of-type="TwoOptions" usage="bound" required="false"/>
    <property name="bcEnableConsoleLog" default-value="false" display-name-key="EnableConsoleLog_Key" description-key="Enable Console Log" of-type="TwoOptions" usage="bound" required="true"/>
    <property name="bcEnableGraphClick" default-value="false" display-name-key="EnableGraphClick_Key" description-key="Enable Graph Click" of-type="TwoOptions" usage="bound" required="true"/>
    <property name="bcSelectedData1" display-name-key="SelectedData1_Key" description-key="Selected Data 1. Enable Graph Click." of-type="Multiple" usage="bound" required="false"/>
    <property name="bcSelectedData2" display-name-key="SelectedData2_Key" description-key="Selected Data 2. Enable Graph Click." of-type="Multiple" usage="bound" required="false"/>
    <data-set name="bcDataCollection" display-name-key="Data"/>
    <resources>
      <code path="bundle.js" order="1"/>
      <css path="css/PABarCharts.css" order="1"/>
    </resources>
    <built-by name="pac" version="1.3.6"/>
  </control>
</manifest>