<?xml version="1.0" encoding="UTF-8" standalone="yes"?>
<manifest>
  <control namespace="PAGraphs" constructor="LineCharts" version="1.0.0" display-name-key="LineCharts" description-key="LineCharts" control-type="standard" api-version="1.2.3">
    <property name="lcAnimateDuration" default-value="800" display-name-key="AnimateDuration_Key" description-key=" Animate Duration in milli seconds" of-type="Whole.None" usage="bound" required="false"/>
    <property name="lcBackGroundColor" default-value="white" display-name-key="BackGroundColor_Key" description-key="BackGround Color" of-type="SingleLine.Text" usage="bound" required="false"/>
    <property name="lcBorderType" default-value="graphroundedshadow" display-name-key="BorderType_Key" description-key="Pie Chart Border Type" of-type="Enum" usage="bound" required="false">
      <value name="lcNone" display-name-key="None">none</value>
      <value name="lcGraphNoShadow" display-name-key="GraphNoShadow">graphnoshadow</value>
      <value name="lcGraphShadow" display-name-key="GraphShadow">graphshadow</value>
      <value name="lcGraphRoundedNoShadow" display-name-key="GraphRoundedNoShadow">graphroundednoshadow</value>
      <value name="lcGraphRoundedShadow" display-name-key="GraphRoundedShadow">graphroundedshadow</value>
    </property>
    <property name="lcColors" default-value="" display-name-key="Colors_Key" description-key="Custom Colors" of-type="SingleLine.Text" usage="bound" required="false"/>
    <property name="lchAxisMinValue" display-name-key="hAxisMinValue_Key" description-key="hAxis Min Value" of-type="Whole.None" usage="bound" required="true"/>
    <property name="lchAxisTextBold" default-value="false" display-name-key="hAxisTextBold_Key" description-key="Horizontal Axis Text Bold" of-type="TwoOptions" usage="bound" required="false"/>
    <property name="lchAxisTextColor" default-value="green" display-name-key="hAxisTextColor_Key" description-key="Horizontal Axis Text Color" of-type="SingleLine.Text" usage="bound" required="false"/>
    <property name="lchAxisTextFontName" default-value="Verdana" display-name-key="hAxisTextFontName_Key" description-key="Horizontal Axis Text Font Name" of-type="SingleLine.Text" usage="bound" required="false"/>
    <property name="lchAxisTextFontSize" default-value="11" display-name-key="hAxisTextFontSize_Key" description-key="Horizontal Axis Text Font Size" of-type="Whole.None" usage="bound" required="false"/>
    <property name="lchAxisTextFormat" default-value="none" display-name-key="hAxisTextFormat_Key" description-key="Text Format Style" of-type="Enum" usage="bound" required="false">
      <value name="lcNone" display-name-key="None">none</value>
      <value name="lcDecimal" display-name-key="Decimal">decimal</value>
      <value name="lcCurrency" display-name-key="Currency">currency</value>
      <value name="lcShort" display-name-key="Short">short</value>
    </property>
    <property name="lchAxisTextItalic" default-value="false" display-name-key="hAxisTextItalic_Key" description-key="Horizontal Axis Text Italic" of-type="TwoOptions" usage="bound" required="false"/>
    <property name="lchAxisTitle" display-name-key="hAxisTitle_Key" description-key="Horizontal Axis Title" of-type="SingleLine.Text" usage="bound" required="false"/>
    <property name="lchAxisTitleTextBold" default-value="true" display-name-key="hAxisTitleTextBold_Key" description-key="Horizontal Axis Title Text Bold" of-type="TwoOptions" usage="bound" required="false"/>
    <property name="lchAxisTitleTextColor" default-value="green" display-name-key="hAxisTitleTextColor_Key" description-key="Horizontal Axis Title Text Color" of-type="SingleLine.Text" usage="bound" required="false"/>
    <property name="lchAxisTitleTextFontName" default-value="Verdana" display-name-key="hAxisTitleTextFontName_Key" description-key="Horizontal Axis Title Text Font Name" of-type="SingleLine.Text" usage="bound" required="false"/>
    <property name="lchAxisTitleTextFontSize" default-value="13" display-name-key="hAxisTitleTextFontSize_Key" description-key="Horizontal Axis Title Text Font Size" of-type="Whole.None" usage="bound" required="false"/>
    <property name="lchAxisTitleTextItalic" default-value="false" display-name-key="hAxisTitleTextItalic_Key" description-key="Horizontal Axis Title Text Italic" of-type="TwoOptions" usage="bound" required="false"/>
    <property name="lcLegend" default-value="labeled" display-name-key="Legend_Key" description-key="Legend Position" of-type="Enum" usage="bound" required="true">
      <value name="lcLabeled" display-name-key="Labeled">labeled</value>
      <value name="lcRight" display-name-key="Right">right</value>
      <value name="lcBottom" display-name-key="Bottom">bottom</value>
      <value name="lcTop" display-name-key="Top">top</value>
    </property>
    <property name="lcLegendTextBold" default-value="false" display-name-key="LegendTextBold_Key" description-key="Legend Text Bold" of-type="TwoOptions" usage="bound" required="false"/>
    <property name="lcLegendTextColor" default-value="black" display-name-key="LegendTextColor_Key" description-key="Legend  Text Color" of-type="SingleLine.Text" usage="bound" required="false"/>
    <property name="lcLegendTextFontName" default-value="Verdana" display-name-key="LegendTextFontName_Key" description-key="Legend Text FontName" of-type="SingleLine.Text" usage="bound" required="false"/>
    <property name="lcLegendTextFontSize" default-value="13" display-name-key="LegendTextFontSize_Key" description-key="Legend Text FontSize" of-type="Whole.None" usage="bound" required="true"/>
    <property name="lcLegendTextItalic" default-value="false" display-name-key="LegendTextItalic_Key" description-key="Legend Text Italic" of-type="TwoOptions" usage="bound" required="false"/>
    <property name="lcLegendWidth" default-value="0" display-name-key="lgLegendWidth_Key" description-key="Legend Width" of-type="Whole.None" usage="bound" required="false"/>
    <property name="lcLineType" default-value="function" display-name-key="LineType_Key" description-key="Line Type" of-type="Enum" usage="bound" required="true">
      <value name="lcNone" display-name-key="None">none</value>
      <value name="lcCurve" display-name-key="Curve">function</value>
    </property>
    <property name="lcOrientation" default-value="horizontal" display-name-key="Orientation_Key" description-key="Chart Orientation" of-type="Enum" usage="bound" required="true">
      <value name="lcVertical" display-name-key="Vertical">vertical</value>
      <value name="lcHorizontal" display-name-key="Horizontal">horizontal</value>
    </property>
    <property name="lcPointShape" default-value="circle" display-name-key="PointShape_Key" description-key="Point Shape" of-type="Enum" usage="bound" required="false">
      <value name="lcCircle" display-name-key="Circle">circle</value>
      <value name="lcTriangle" display-name-key="Triangle">triangle</value>
      <value name="lcSquare" display-name-key="Square">square</value>
      <value name="lcDiamond" display-name-key="Diamond">diamond</value>
      <value name="lcStar" display-name-key="Star">star</value>
      <value name="lcPolygon" display-name-key="Polygon">polygon</value>
    </property>
    <property name="lcPointSize" default-value="0" display-name-key="PointSize_Key" description-key="Point Size" of-type="Whole.None" usage="bound" required="false"/>
    <property name="lcSubTitle" default-value="" display-name-key="SubTitle_Key" description-key="Sub Title" of-type="SingleLine.Text" usage="bound" required="false"/>
    <property name="lcSubTitleTextColor" default-value="gray" display-name-key="SubTitleTextColor_Key" description-key="Sub Title Text Color" of-type="SingleLine.Text" usage="bound" required="false"/>
    <property name="lcSubTitleTextFontName" default-value="Verdana" display-name-key="SubTitleTextFontName_Key" description-key="Sub Title Text FontName" of-type="SingleLine.Text" usage="bound" required="false"/>
    <property name="lcSubTitleTextFontSize" default-value="10" display-name-key="SubTitleTextFontSize_Key" description-key="Sub Title Text FontSize" of-type="Whole.None" usage="bound" required="true"/>
    <property name="lcSubTitleTextFontStyle" default-value="italic" display-name-key="SubTitleTextFontStyle_Key" description-key="Sub Text Title Font Style" of-type="Enum" usage="bound" required="false">
      <value name="lcNormal" display-name-key="Normal">normal</value>
      <value name="lcOblique" display-name-key="Oblique">oblique</value>
      <value name="lcItalic" display-name-key="Italic">italic</value>
    </property>
    <property name="lcSubTitleTextFontWeight" default-value="normal" display-name-key="SubTitleTextFontWeight_Key" description-key="Sub Title Text Font Weight" of-type="Enum" usage="bound" required="false">
      <value name="lcNormal" display-name-key="Normal">normal</value>
      <value name="lcLight" display-name-key="Light">light</value>
      <value name="lcLighter" display-name-key="Lighter">lighter</value>
      <value name="lcBold" display-name-key="Bold">bold</value>
      <value name="lcBolder" display-name-key="Bolder">bolder</value>
    </property>
    <property name="lcTitle" default-value="" display-name-key="Title_Key" description-key="Title" of-type="SingleLine.Text" usage="bound" required="false"/>
    <property name="lcTitleTextColor" default-value="black" display-name-key="TitleTextColor_Key" description-key="Title Text Color" of-type="SingleLine.Text" usage="bound" required="false"/>
    <property name="lcTitleTextFontName" default-value="Verdana" display-name-key="TitleTextFontName_Key" description-key="Title Text FontName" of-type="SingleLine.Text" usage="bound" required="false"/>
    <property name="lcTitleTextFontSize" default-value="15" display-name-key="TitleTextFontSize_Key" description-key="Title Text FontSize" of-type="Whole.None" usage="bound" required="true"/>
    <property name="lcTitleTextFontStyle" default-value="italic" display-name-key="TitleFontStyle_Key" description-key="Title Text Font Style" of-type="Enum" usage="bound" required="false">
      <value name="lcNormal" display-name-key="Normal">normal</value>
      <value name="lcOblique" display-name-key="Oblique">oblique</value>
      <value name="lcItalic" display-name-key="Italic">italic</value>
    </property>
    <property name="lcTitleTextFontWeight" default-value="bold" display-name-key="TitleTextFontWeight_Key" description-key="Title Text Font Weight" of-type="Enum" usage="bound" required="false">
      <value name="lcNormal" display-name-key="Normal">normal</value>
      <value name="lcLight" display-name-key="Light">light</value>
      <value name="lcLighter" display-name-key="Lighter">lighter</value>
      <value name="lcBold" display-name-key="Bold">bold</value>
      <value name="lcBolder" display-name-key="Bolder">bolder</value>
    </property>
    <property name="lcTransposeData" default-value="false" display-name-key="TransposeData_Key" description-key="Transpose Data" of-type="TwoOptions" usage="bound" required="false"/>
    <property name="lcvAxisTextBold" default-value="false" display-name-key="vAxisTextBold_Key" description-key="Vertical Axis Text Bold" of-type="TwoOptions" usage="bound" required="false"/>
    <property name="lcvAxisTextColor" default-value="maroon" display-name-key="vAxisTextColor_Key" description-key="Vertical Axis Text Color" of-type="SingleLine.Text" usage="bound" required="false"/>
    <property name="lcvAxisTextFontName" default-value="Verdana" display-name-key="vAxisTextFontName_Key" description-key="Vertical Axis Text Font Name" of-type="SingleLine.Text" usage="bound" required="false"/>
    <property name="lcvAxisTextFontSize" default-value="11" display-name-key="vAxisTextFontSize_Key" description-key="Vertical Axis Text Font Size" of-type="Whole.None" usage="bound" required="false"/>
    <property name="lcvAxisTextFormat" default-value="none" display-name-key="vAxisTextFormat_Key" description-key="Vertical Axis Text Format Style" of-type="Enum" usage="bound" required="false">
      <value name="lcNone" display-name-key="None">none</value>
      <value name="lcDecimal" display-name-key="Decimal">decimal</value>
      <value name="lcCurrency" display-name-key="Currency">currency</value>
      <value name="lcShort" display-name-key="Short">short</value>
    </property>
    <property name="lcvAxisTextItalic" default-value="false" display-name-key="vAxisTextItalic_Key" description-key="Vertical Axis Text Italic" of-type="TwoOptions" usage="bound" required="false"/>
    <property name="lcvAxisTitle" display-name-key="vAxisTitle_Key" description-key="Vertical Axis Title" of-type="SingleLine.Text" usage="bound" required="false"/>
    <property name="lcvAxisTitleTextBold" default-value="true" display-name-key="vAxisTitleTextBold_Key" description-key="Vertical Axis Title Text Bold" of-type="TwoOptions" usage="bound" required="false"/>
    <property name="lcvAxisTitleTextColor" default-value="maroon" display-name-key="vAxisTitleTextColor_Key" description-key="Vertical Axis Title Text Color" of-type="SingleLine.Text" usage="bound" required="false"/>
    <property name="lcvAxisTitleTextFontName" default-value="Verdana" display-name-key="vAxisTitleTextFontName_Key" description-key="Vertical Axis Title Text Font Name" of-type="SingleLine.Text" usage="bound" required="false"/>
    <property name="lcvAxisTitleTextFontSize" default-value="12" display-name-key="vAxisTitleTextFontSize_Key" description-key="Vertical Axis Title Text Font Size" of-type="Whole.None" usage="bound" required="false"/>
    <property name="lcvAxisTitleTextItalic" default-value="false" display-name-key="vAxisTitleTextItalic_Key" description-key="Vertical Axis Title Text Italic" of-type="TwoOptions" usage="bound" required="false"/>
    <property name="lcEnableConsoleLog" default-value="false" display-name-key="EnableConsoleLog_Key" description-key="Enable Console Log" of-type="TwoOptions" usage="bound" required="true"/>
    <property name="lcEnableGraphClick" default-value="false" display-name-key="EnableGraphClick_Key" description-key="Enable Graph Click" of-type="TwoOptions" usage="bound" required="true"/>
    <property name="lcSelectedData1" display-name-key="SelectedData1_Key" description-key="Selected Data 1. Enable Graph Click." of-type="Multiple" usage="bound" required="false"/>
    <property name="lcSelectedData2" display-name-key="SelectedData2_Key" description-key="Selected Data 2. Enable Graph Click" of-type="Multiple" usage="bound" required="false"/>
    <data-set name="lcDataCollection" display-name-key="Data"/>
    <resources>
      <code path="bundle.js" order="1"/>
      <css path="css/PALineCharts.css" order="1"/>
    </resources>
    <built-by name="pac" version="1.3.6"/>
  </control>
</manifest>